Headline,Link
Hershey's Just Dropped a New Collab— and It's Sure to Sell Out Immediately,https://www.allrecipes.com/hersheys-beekman-1802-collab-11835085
I Asked 6 Chefs for the Best Pizza Chain—These 2 Are Their Favorites,https://www.allrecipes.com/chefs-favorite-pizza-chain-11835030
Raising Cane's Just Released a Brand-New Item—but It's Only Available for a Limited Time,https://www.allrecipes.com/raising-canes-limited-edition-halloween-cup-11833068
Trader Joe's Brought Back the Snack That Fans Call Their 'Fall Obsession',https://www.allrecipes.com/trader-joes-thanksgiving-stuffing-seasoned-kettle-chips-return-11835263
This Iconic Restaurant Chain Is Finally Reopening After 20 Years,https://www.allrecipes.com/chi-chis-restaurant-reopening-2025-11834889
Trader Joe's '12/10' Seasonal Treat Won't Be Back Until Next Year—but Target Has It Now,https://www.allrecipes.com/target-banana-pudding-ice-cream-11834085
The Häagen-Dazs Treat Fans Wait for 'Every Single Year' Is Back at Costco,https://www.allrecipes.com/costco-haagen-dazs-peppermint-bark-ice-cream-bars-11834534
Burger King Is Giving Away Free Whoppers This Week,https://www.allrecipes.com/burger-king-treat-week-deals-2025-11834978
McDonald's Quietly Rolled Out 4 New Items to Menus—and We Want To Try Them All,https://www.allrecipes.com/mcdonalds-new-buffalo-ranch-sauce-11834943
This Costco Cookware Set Looks Just Like Le Creuset but Costs 92 Percent Less,https://www.allrecipes.com/costco-tramontina-dutch-oven-set-11834318
I’m a Food Editor—These Are the Top 9 Grocery Deals I'm Buying at Costco This Month,https://www.allrecipes.com/best-costco-october-november-grocery-deals-2025-11834723
The McDonald's Menu Item From the '60s You Have to See to Believe,https://www.allrecipes.com/mcdonalds-hula-burger-11833086
Cracker Barrel Just Announced Its Limited-Time Holiday Menu—Featuring 5 Returning Fan Favorites,https://www.allrecipes.com/cracker-barrel-holiday-menu-2025-11834339
There's a New Soda on Shelves Fans Want To Buy '10 Cases Of',https://www.allrecipes.com/new-poppi-ginger-fizz-11834041
The Taco Bell Collab That Sold Out in 10 Minutes Is Back,https://www.allrecipes.com/salt-and-straw-taco-bell-tacolate-back-11834344
Chips Ahoy Just Dropped a Limited-Edition Cookie We Can't Believe Didn't Exist Before,https://www.allrecipes.com/chips-ahoy-cookie-butter-inspired-cookies-11830055
This Fast Food Chicken Sandwich Sold Out in a Weekend—Now It's Officially Back,https://www.allrecipes.com/jollibee-katseye-korean-bbq-fried-chicken-back-11833061
Jimmy John's Is Bringing Back a Fan-Favorite Sandwich in 6 Options,https://www.allrecipes.com/jimmy-johns-picklewich-return-2025-11833970
Wendy's Just Quietly Changed Its Sandwiches—and Customers Aren't Happy,https://www.allrecipes.com/wendys-shredded-lettuce-change-2025-11833784
Twix Is Releasing a First-Of-Its-Kind New Candy,https://www.allrecipes.com/new-twix-hallowmas-bags-11833628
FDA Announces Recall of 3 Popular Coca-Cola Sodas for Potential Metal Contamination,https://www.allrecipes.com/coca-cola-soda-recall-october-2025-11833613
Aldi Has a New Treat That Shoppers Are Buying 3 Bags at a Time,https://www.allrecipes.com/aldi-just-the-fun-part-dubai-style-cones-11831268
Coca-Cola Is Finally Making This Soda Flavor Permanent After Fans Begged for 5 Years,https://www.allrecipes.com/coca-cola-bringing-back-diet-cherry-coke-permanently-11833158
The 'Most Underrated Fast Food Item' Comes From This Surprising Chain,https://www.allrecipes.com/best-fast-food-breakfast-burrito-reddit-11831313
Trader Joe’s Just Released a New Baking Item Fans Say Is an 'Immediate Purchase',https://www.allrecipes.com/trader-joes-new-vanilla-sugar-11833377
Costco Finally Has the Snack I Eat Every Day,https://www.allrecipes.com/purely-elizabeth-cookie-granola-costco-launch-11833341
Little Debbie Just Brought Back the Product Fans Feared Was Discontinued,https://www.allrecipes.com/little-debbie-chocolate-christmas-tree-cakes-return-2025-11833005
A New Snickers Is Coming—and It's Even Better Than the Original,https://www.allrecipes.com/snickers-new-crunchy-peanut-butter-ice-cream-bar-11832393
"Aldi Just Dropped Another Designer Cookware Copycat, and It's 75 Percent Cheaper",https://www.allrecipes.com/aldi-nonstick-coating-awesome-pot-2025-11832204
Butterfinger Just Revealed Its Most Anticipated Flavor of the Year,https://www.allrecipes.com/new-butterfinger-french-toast-11833130
The Fan-Favorite Mac and Cheese That Sold Out in Hours Is Officially Back in Stock,https://www.allrecipes.com/goodles-mac-and-cheese-restock-11833116
The ‘Best Costco Deal’ Shoppers Have Ever Seen Is Back—and Perfect for Gifting,https://www.allrecipes.com/costco-fabbri-wild-cherries-back-11833050
USDA Expands Recall of More Than 3 Million Pounds of Frozen Meat Products After 5 Reports of Injury,https://www.allrecipes.com/foster-poultry-farms-recall-expands-october-2025-11832984
Taco Bell Is Dropping a New Snack Collab—and We Tried It First,https://www.allrecipes.com/new-taco-bell-bigs-fire-sauce-sunflower-seeds-11829680
FDA Announces Recall of Popular Snack Due To Undeclared Life-Threatening Allergen,https://www.allrecipes.com/cabot-creamery-popcorn-recall-peanut-allergen-11832780
"A New, First-Of-Its-Kind Hot Dog Is Coming To Stores",https://www.allrecipes.com/new-totdogs-hot-dogs-11832764
"I Tried Joni Mitchell’s Favorite Soup, and It’s So Good I’d Eat It for Breakfast",https://www.allrecipes.com/joni-mitchell-lentil-soup-recipe-11832406
Snapple Is Bringing Back a Fan-Requested Item for a Limited Time,https://www.allrecipes.com/snapple-brings-back-limited-edition-glass-bottles-11831647
Popeyes Is Bringing Back This Fan-Favorite Menu Item—but Only for a Limited Time,https://www.allrecipes.com/popeyes-cajun-style-turkey-2025-11832384
5 Trader Joe's Meals Under $5 That Are Tastier Than Takeout,https://www.allrecipes.com/trader-joes-meals-better-than-takeout-11830180
Aldi Is Bringing Back the Dessert Fans Call Their 'One True Love',https://www.allrecipes.com/aldi-belmont-chocolate-covered-pie-bites-2025-11832180
I Tried 6 Canned Tomato Brands and This Is the Only One I’ll Buy From Now On,https://www.allrecipes.com/canned-tomato-taste-test-11832095
FDA Announces Another Egg Recall Due to Potential Salmonella Contamination,https://www.allrecipes.com/fda-recall-kenz-henz-eggs-salmonella-october-2025-11832136
Coca-Cola Has a Brand-New Flavor—and I Tried It First,https://www.allrecipes.com/new-coca-cola-cherry-float-11832110
Costco's Popular Kerrygold Copycat Is Back on Shelves,https://www.allrecipes.com/golden-irish-spreadable-butter-back-at-costco-11831819
I Tried 6 Fast Food Cheeseburgers and This Is the One I’ll Order Again and Again,https://www.allrecipes.com/fast-food-cheesburger-taste-test-11831920
Aldi's New $25 Cast Iron Pan Rivals The $200 Williams Sonoma Version,https://www.allrecipes.com/aldi-crofton-cast-iron-pizza-pan-11832051
This Unexpected Chain Was Just Named the Best Convenience Store in the U.S.,https://www.allrecipes.com/best-convenience-store-asci-study-2025-11831963
Popular Publix Item Recalled Over Life-Threatening Allergen,https://www.allrecipes.com/publix-vanilla-ice-cream-recall-october-2025-11831877
Taco Bell Has a New Menu Item Coming Nationwide—and You Can Try It for $1,https://www.allrecipes.com/taco-bell-new-strawberry-vanilla-cream-soda-freeze-11831874
Costco Just Quietly Brought Back the Holiday Staple That Flies off Shelves Every Season,https://www.allrecipes.com/costco-eggnog-2025-11831725
Sonic Just Dropped a New Version of a Fan-Favorite Menu Item,https://www.allrecipes.com/sonic-new-peppermint-milkshake-and-pretzel-smasher-11831633
Cup Noodles Just Released 2 First-Of-Their-Kind Flavors,https://www.allrecipes.com/cup-noodles-turkey-dinner-pumpkin-pie-flavors-11831115
Costco Brought Back the Seasonal Bakery Treat Fans Say 'Did Not Last an Hour',https://www.allrecipes.com/costco-gen-bake-apple-fritter-donut-bites-11831047
The Secret Behind In-N-Out’s Irresistible Burgers,https://www.allrecipes.com/what-makes-in-n-out-burgers-so-good-8686698
Tyson Just Launched a First-Of-Its-Kind Chicken Nugget,https://www.allrecipes.com/tyson-thanksgiving-chicken-nugget-11831326
Aldi Has a $50 KitchenAid Copycat That Usually Sells for Over $300,https://www.allrecipes.com/aldi-ambiano-stand-mixer-october-2025-11831074
