Title,Link,Location,Date,ImageURL
Data analyst course fee in Bangalore with duration and syllabus overvi,https://delhi.craigslist.org/edu/d/data-analyst-course-fee-in-bangalore/7888700749.html,Delhi NCR,10/15,https://images.craigslist.org/d/7888700749/00G0G_cB19IN64VIO_0uY0hq_300x300.jpg
drawing and painting coaching classes in delhi,https://delhi.craigslist.org/ofc/d/drawing-and-painting-coaching-classes/7888452503.html,N/A,10/14,N/A
Construction Superintendent - Solar Energy,https://delhi.craigslist.org/trd/d/construction-superintendent-solar-energy/7887957513.html,San Diego,10/14,N/A
Chefspoint – Buy Premium Gourmet & Baking Ingredients Online in India,https://delhi.craigslist.org/acc/d/chefspoint-buy-premium-gourmet-baking/7887551686.html,N/A,10/10,https://images.craigslist.org/d/7887551686/00g0g_aBKbAU1Icmx_01W01C_300x300.jpg
Jewel Of India Seattle,https://delhi.craigslist.org/lab/d/jewel-of-india-seattle/7887407315.html,"4735 University Wy NE, Seattle, WA 98105, United States",10/9,https://images.craigslist.org/d/7887407315/00N0N_5RWA7ZUVhye_06s06s_300x300.jpg
Off-Page SEO Executive,https://delhi.craigslist.org/bus/d/off-page-seo-executive/7886837622.html,Amravati,10/7,N/A
Top Catalogue Design Company,https://delhi.craigslist.org/med/d/top-catalogue-design-company/7886160819.html,N/A,10/4,https://images.craigslist.org/d/7886160819/00000_jYVNsMdcECr_0fa0cI_600x450.jpg
"Ready to Lead Smarter, Not Harder? Learn Lean Six Sigma.",https://delhi.craigslist.org/edu/d/ready-to-lead-smarter-not-harder-learn/7886153647.html,Delhi,10/4,https://images.craigslist.org/d/7886153647/00P0P_jalwoyaP6GN_0ne0t2_600x450.jpg
Professional Laundry Consulting Services,https://delhi.craigslist.org/wri/d/professional-laundry-consulting-services/7886031743.html,FARIDABAD,10/4,https://images.craigslist.org/d/7886031743/00c0c_hOeve2dD2uh_06s06s_600x450.jpg
Salary Abroad vs India – Discover Better Opportunities,https://delhi.craigslist.org/hea/d/salary-abroad-vs-india-discover-better/7884935212.html,N/A,9/29,https://images.craigslist.org/d/7884935212/00x0x_eEvyqK6GDwb_0kE0bC_300x300.jpg
"We’re Hiring: State Head – Sales (Managerial Role, Grade M2)",https://delhi.craigslist.org/sls/d/were-hiring-state-head-sales-managerial/7883769776.html,N/A,9/24,N/A
DGR Academy—The Best Digital Marketing Institute and Course In Jaipur,https://delhi.craigslist.org/mar/d/dgr-academythe-best-digital-marketing/7883081409.html,N/A,9/21,https://images.craigslist.org/d/7883081409/00y0y_gFCExWP99vK_0pO0jm_300x300.jpg
Build Your Future Overseas with Skilled Worker Visa Jobs,https://delhi.craigslist.org/hea/d/build-your-future-overseas-with-skilled/7882336642.html,India,9/18,https://images.craigslist.org/d/7882336642/00808_iQi9wqMvu0Q_0CI0pP_300x300.jpg
Gigolo Service in India – Start Your Career Today,https://delhi.craigslist.org/sad/d/gigolo-service-in-india-start-your/7882093181.html,N/A,9/17,https://images.craigslist.org/d/7882093181/00l0l_fpYx42NC5B3_0CI0pO_300x300.jpg
Lymphoma Treatment in India – BMT Clinic,https://delhi.craigslist.org/hea/d/lymphoma-treatment-in-india-bmt-clinic/7881159501.html,N/A,9/13,N/A
WordPress Web Designer / Developer (Freelance to Full Time),https://delhi.craigslist.org/web/d/wordpress-web-designer-developer/7880731373.html,N/A,9/11,N/A
Home Tuition Jobs for Classes 6 to 8,https://delhi.craigslist.org/edu/d/home-tuition-jobs-for-classes-to/7880404342.html,N/A,9/10,N/A
Play Boy Job in Bikaner – Apply Now for High-Income Career with Gigolo,https://delhi.craigslist.org/sec/d/play-boy-job-in-bikaner-apply-now-for/7879905648.html,N/A,9/8,https://images.craigslist.org/d/7879905648/01111_bVF9ws4nKQF_0jm0t2_300x300.jpg
best digital markating centre  in rohtak,https://delhi.craigslist.org/bus/d/best-digital-markating-centre-in-rohtak/7879189622.html,rohtak,9/5,https://images.craigslist.org/d/7879189622/00U0U_5K3o5cZM56Q_0mr0t2_300x300.jpg
N/A,N/A,N/A,N/A,N/A
