title,url,company,experience,salary,location,description,posted,skills
Full-Stack Developer,https://www.naukri.com/job-listings-full-stack-developer-zia-infotech-hybrid-1-to-4-years-071025501088,Zia Infotech,1-4 Yrs,Not Disclosed,Hybrid - Hybrid,Manage full project lifecycle: requirement analysis development testing deployment main...,1 day ago,CSSFront endWordpressWeb developmentJavascriptCMSPHPHTML
Immediate openings For Full stack developer - Remote,https://www.naukri.com/job-listings-immediate-openings-for-full-stack-developer-remote-trigyn-technologies-mumbai-all-areas-5-to-10-years-280525018525,Trigyn Technologies,5-10 Yrs,Not Disclosed,Remote,"Bachelors degree in computer science, Engineering, or related field Hands-on experience...",1 day ago,Node.JsAngularFull StackStackDevelopmentRemote
Full Stack Developer,https://www.naukri.com/job-listings-full-stack-developer-ibm-india-pvt-limited-bengaluru-2-to-6-years-031025917831,IBM,2-6 Yrs,Not Disclosed,Bengaluru,Bachelors Degree . Masters Degree . Required education Preferred education Required tec...,5 days ago,cssjavascriptreact.jsjavahtmlrestpythonfullstack development
Full Stack Developer,https://www.naukri.com/job-listings-full-stack-developer-incedo-technology-solutions-ltd-chennai-4-to-6-years-091025932300,Incedo,4-6 Yrs,Not Disclosed,Chennai,"Role Description As a Senior Software Engineer - Front End React NodeJS at Incedo, you ...",Just now,cssreact.jsdom manipulationhtmljavascriptreduxcontinuous integrationdom
Full Stack Developer,https://www.naukri.com/job-listings-full-stack-developer-incedo-technology-solutions-ltd-chennai-4-to-6-years-091025930666,Incedo,4-6 Yrs,Not Disclosed,Chennai,"Role DescriptionAs a Senior Software Engineer - Front End React NodeJS at Incedo, you w...",Few hours ago,cssreact.jsdom manipulationhtmljavascriptreduxcontinuous integrationdom
Walk In Drive For Full Stack Developers,https://www.naukri.com/job-listings-walk-in-drive-for-full-stack-developers-tmeic-industrial-systems-hyderabad-5-to-7-years-091025013962,Tmeic Industrial Systems,14 Oct - 15 Oct,Not Disclosed,Hyderabad,5 to 7 years of experience in building and deploying web applications using the Python ...,14 Oct - 15 Oct,Vue.JsDjangoJavascriptES6PythonDesignNginxLinux
Full stack developer,https://www.naukri.com/job-listings-full-stack-developer-shashwath-solution-bengaluru-3-to-5-years-081025923493,Shashwath Solution,3-5 Yrs,Not Disclosed,Bengaluru,Overview: We are seeking a talented and driven Full Stack Developer proficient in React...,1 day ago,cssreact.jshtmlreact nativejavascriptreduxcontinuous integrationmocha
Full Stack Developer,https://www.naukri.com/job-listings-full-stack-developer-iqvia-bengaluru-2-to-4-years-011025011090,IQVIA,2-4 Yrs,Not Disclosed,Hybrid - Bengaluru,Qualifications: . Educational Qualification : Bachelors or Master s degree in Computer ...,1 week ago,Java.NetAngularSQLStackDevelopmentFull Stack
Full Stack Developer,https://www.naukri.com/job-listings-full-stack-developer-incedo-technology-solutions-ltd-chennai-4-to-6-years-091025931449,Incedo,4-6 Yrs,Not Disclosed,Chennai,"As a Senior Software Engineer - Front End React NodeJS at Incedo, you will be responsib...",Few hours ago,cssreact.jsdom manipulationhtmljavascriptreduxcontinuous integrationdom
Full Stack Developer,https://www.naukri.com/job-listings-full-stack-developer-synechron-technologies-pvt-ltd-chennai-bengaluru-4-to-8-years-031025912286,Synechron,4-8 Yrs,Not Disclosed,"Chennai, Bengaluru",Experience working in Agile / Scrum environments Bachelors or Masters degree in Compute...,6 days ago,javascriptreact.jsnodedebuggingjavascript frameworksgithubfullstack developmentsoftware development
Full Stack Developer,https://www.naukri.com/job-listings-full-stack-developer-shashwath-solution-bengaluru-3-to-5-years-081025922711,Shashwath Solution,3-5 Yrs,Not Disclosed,Bengaluru,"We are seeking a talented and driven Full Stack Developer proficient in React.js, React...",1 day ago,reduxcssreact.jshtmljavascriptcontinuous integrationci/cdmocha
Full Stack Developer,https://www.naukri.com/job-listings-full-stack-developer-quest-global-bengaluru-3-to-6-years-071025013691,Quest Global,3-6 Yrs,Not Disclosed,Hybrid - Bengaluru,"Role & responsibilities Job Requirements Technical Skills:Backend & Architecture:Java,...",2 days ago,JavaSpring BootMicroservicesRESTfulVue.JsGITAzure CloudFullstack Development
Node + React (Full Stack Developer),https://www.naukri.com/job-listings-node-react-full-stack-developer-synechron-chennai-bengaluru-6-to-11-years-071025013553,Synechron,6-11 Yrs,Not Disclosed,"Chennai, Bengaluru",Optimize applications for maximum speed and scalabilitySkills: . Bachelors degree in co...,2 days ago,JavascriptNode.JsReact.JsRestfull ApiExpressGITReduxMySQL
Full Stack Developer,https://www.naukri.com/job-listings-full-stack-developer-grid-dynamics-hyderabad-chennai-bengaluru-3-to-8-years-240925503151,Grid Dynamics,3-8 Yrs,Not Disclosed,"Hyderabad, Chennai, Bengaluru",". Hands-on experience with distributed computation at scale (high TPS, large datasets) ...",2 weeks ago,BackendCodingTPSMachine learningSCALAOLAPMedical insuranceAnalytics
AWS Full stack Developer,https://www.naukri.com/job-listings-aws-full-stack-developer-tata-consultancy-services-mumbai-all-areas-5-to-10-years-071025030788,Tata Consultancy Services,5-10 Yrs,Not Disclosed,Mumbai (All Areas),"Mandatory Keywords: AWS Java Spring boot, VUE JSExperience/RequirementsFull Stack Deve...",1 day ago,Vue.JsSpring BootAWSJavaStackDevelopmentSpringFull Stack
Full Stack Developer,https://www.naukri.com/job-listings-full-stack-developer-shashwath-solution-bengaluru-3-to-5-years-081025929061,Shashwath Solution,3-5 Yrs,Not Disclosed,Bengaluru,Requirements : . 3 to 5 years of experience in full stack development,1 day ago,node.jsfullstack developmentcssweb applicationbootstraphibernateajaxjquery
Full Stack Developer,https://www.naukri.com/job-listings-full-stack-developer-intelliswift-bengaluru-5-to-8-years-071025034611,Fortune Global 500 Electronic Components Firm,5-8 Yrs,Not Disclosed,Hybrid - Bengaluru,5+ Years of Web development experience using React.js and Node.js Experience in both c...,1 day ago,restNode.JsReact.JsFull StackDevelopmentStack
Full Stack Developer,https://www.naukri.com/job-listings-full-stack-developer-lenskart-bengaluru-5-to-8-years-081025939412,Lenskart,5-8 Yrs,Not Disclosed,Bengaluru,"The ideal candidate should have experience in developing scalable web applications, bui...",1 day ago,PostgresqlMySQLReact.JsPythonVue.JsRestfull ApiScalabilityDjango
Full Stack ServiceNow Developer,https://www.naukri.com/job-listings-full-stack-servicenow-developer-tech-mahindra-hyderabad-bengaluru-4-to-9-years-081025020391,Tech Mahindra,4-9 Yrs,Not Disclosed,"Hybrid - Hyderabad, Bengaluru",Location: Bangalore / Hyderabad. Exp: 4+yrs . We are looking for immediate joiners only...,1 day ago,Agentic AiServicenowJavascriptLLMStackDevelopmentFull StackArtificial Intelligence
Full-stack Developer (AI Solutions),https://www.naukri.com/job-listings-full-stack-developer-ai-solutions-psi-cro-bengaluru-5-to-10-years-091025500901,PSI Cro,5-10 Yrs,Not Disclosed,Bengaluru,"Mentor other engineers, participate in code reviews, and support design decisions. Must...",Just now,Computer scienceLinuxPostgresqlAgileHealthcareSystem designTroubleshootingJIRA
