Title,Author,Subjects,PublishYear,Link
Naturalis historia,Pliny the Elder,N/A,1469,https://openlibrary.org/works/OL1257866W
The Turn of the Screw,"Henry James, Mxumu Mxama, Henry James",N/A,1898,https://openlibrary.org/works/OL276386W
"Under the Greenwood Tree or, The Mellstock quire",Thomas Hardy,N/A,1872,https://openlibrary.org/works/OL44973W
The Wind in the Willows,Kenneth Grahame,N/A,1908,https://openlibrary.org/works/OL28570037W
History of the Decline and Fall of the Roman Empire Complete and Unabridged,Edward Gibbon,N/A,1776,https://openlibrary.org/works/OL1285005W
The Taming of the Shrew,William Shakespeare,N/A,1631,https://openlibrary.org/works/OL362690W
The Story of Philosophy,Will Durant,N/A,1926,https://openlibrary.org/works/OL1073898W
The Story of the Amulet,Edith Nesbit,N/A,1905,https://openlibrary.org/works/OL407476W
"The Lion, the Witch and the Wardrobe",C.S. Lewis,N/A,1950,https://openlibrary.org/works/OL71037W
The Riddle of the Sands,Erskine Childers,N/A,1903,https://openlibrary.org/works/OL23797W
The Return of the Native,Thomas Hardy,N/A,1878,https://openlibrary.org/works/OL44994W
"The Alchemist, 1612",Ben Jonson,N/A,1612,https://openlibrary.org/works/OL1085186W
The princess and the goblin,George MacDonald,N/A,1907,https://openlibrary.org/works/OL6583284W
The book of the damned,"Charles Fort, Charles Fort",N/A,1919,https://openlibrary.org/works/OL66059W
The Lord of the Rings,J.R.R. Tolkien,N/A,1954,https://openlibrary.org/works/OL27448W
The Enduring Vision,Paul S. Boyer,N/A,1987,https://openlibrary.org/works/OL2024851W
The House of the Seven Gables,Nathaniel Hawthorne,N/A,1851,https://openlibrary.org/works/OL455663W
The Prince and the Pauper,Mark Twain,N/A,1881,https://openlibrary.org/works/OL53994W
The Phoenix and the Carpet,Edith Nesbit,N/A,1903,https://openlibrary.org/works/OL99539W
The Call of the Wild,Jack London,N/A,1903,https://openlibrary.org/works/OL14942956W
Voyage au Centre de la Terre,Jules Verne,N/A,1867,https://openlibrary.org/works/OL1099513W
The Voyage of the Dawn Treader,C.S. Lewis,N/A,1952,https://openlibrary.org/works/OL71132W
On The Road,"Jack Kerouac, Ann Charters, Jack Kerouac, Julio Mario Santo Domingo Collection",N/A,1957,https://openlibrary.org/works/OL65906W
Brood of the Witch-Queen,Sax Rohmer,N/A,1924,https://openlibrary.org/works/OL2288676W
The food of the gods and how it came to earth,H. G. Wells,N/A,1900,https://openlibrary.org/works/OL52195W
Jude the Obscure,Thomas Hardy,N/A,1895,https://openlibrary.org/works/OL44986W
On the Beach,Nevil Shute,N/A,1957,https://openlibrary.org/works/OL2779754W
The Murder at the Vicarage,Agatha Christie,N/A,1930,https://openlibrary.org/works/OL471895W
The Hitch Hiker's Guide to the Galaxy,Douglas Adams,N/A,1979,https://openlibrary.org/works/OL2163649W
Le roman du masque de fer,Alexandre Dumas,N/A,1600,https://openlibrary.org/works/OL36371W
The Last of the Mohicans,James Fenimore Cooper,N/A,1826,https://openlibrary.org/works/OL77958W
The First Men in the Moon,H. G. Wells,N/A,1900,https://openlibrary.org/works/OL52260W
"The life of Olaudah Equiano, or Gustavus Vassa, the African","Olaudah Equiano, Robert J. Allison, Rebecka Rutledge Fisher",N/A,1789,https://openlibrary.org/works/OL743333W
The War of the Worlds,H. G. Wells,N/A,0,https://openlibrary.org/works/OL52114W
The Martian Chronicles,Ray Bradbury,N/A,1950,https://openlibrary.org/works/OL103134W
The Return of the King,J.R.R. Tolkien,N/A,1950,https://openlibrary.org/works/OL27455W
To the Lighthouse,Virginia Woolf,N/A,1927,https://openlibrary.org/works/OL39396W
The Curious Incident of the Dog in the Night-Time,Mark Haddon,N/A,2002,https://openlibrary.org/works/OL2965102W
The Murders in the Rue Morgue,Edgar Allan Poe,N/A,1895,https://openlibrary.org/works/OL41072W
The Fellowship of the Ring,J.R.R. Tolkien,N/A,1954,https://openlibrary.org/works/OL27513W
The Wealth of Nations,Adam Smith,N/A,1776,https://openlibrary.org/works/OL76827W
The Second World War,Winston S. Churchill,N/A,1948,https://openlibrary.org/works/OL134333W
The Hound of the Baskervilles,Arthur Conan Doyle,N/A,1900,https://openlibrary.org/works/OL262454W
Tender is the Night,F. Scott Fitzgerald,N/A,1933,https://openlibrary.org/works/OL468485W
The Body in the Library,Agatha Christie,N/A,1942,https://openlibrary.org/works/OL471610W
The Odyssey,Όμηρος,N/A,1946,https://openlibrary.org/works/OL26446888W
The Canterbury Tales,"Geoffrey Chaucer, John E. Cunningham, Peter Ackroyd, Ted Stearn, V. A. Kolve, Glending Olson",N/A,1478,https://openlibrary.org/works/OL531767W
The Razor's Edge,William Somerset Maugham,N/A,1944,https://openlibrary.org/works/OL505944W
Life on the Mississippi,Mark Twain,N/A,1883,https://openlibrary.org/works/OL53959W
Far From the Madding Crowd,Thomas Hardy,N/A,1874,https://openlibrary.org/works/OL44995W
Chemistry,"Theodore L. Brown, H. Eugene Lemay, Bruce E. Bursten, Catherine Murphy, Patrick Woodward",N/A,1977,https://openlibrary.org/works/OL15130687W
The Silver Chair,C.S. Lewis,N/A,1953,https://openlibrary.org/works/OL71078W
The Old Man and the Sea,Ernest Hemingway,N/A,1952,https://openlibrary.org/works/OL63073W
The Giver,Lois Lowry,N/A,1993,https://openlibrary.org/works/OL1846076W
The Ugly Duckling,Hans Christian Andersen,N/A,1851,https://openlibrary.org/works/OL15155002W
The Two Towers,J.R.R. Tolkien,N/A,1954,https://openlibrary.org/works/OL27479W
Über die spezielle und die allgemeine Relativitätstheorie,Albert Einstein,N/A,1917,https://openlibrary.org/works/OL1214190W
The Sign of Four,Arthur Conan Doyle,N/A,1889,https://openlibrary.org/works/OL262438W
The Constitution of the United States and related documents,United States,N/A,1787,https://openlibrary.org/works/OL69942W
Записки изъ подполья,Фёдор Михайлович Достоевский,N/A,1864,https://openlibrary.org/works/OL25571500W
The Mystery of the Blue Train,Agatha Christie,N/A,1928,https://openlibrary.org/works/OL471603W
Lord of the Flies,William Golding,N/A,1954,https://openlibrary.org/works/OL455327W
The Moonstone,Wilkie Collins,N/A,1868,https://openlibrary.org/works/OL176092W
The Pickwick Papers,Charles Dickens,N/A,1800,https://openlibrary.org/works/OL8763776W
The Twits,Roald Dahl,N/A,1967,https://openlibrary.org/works/OL45884W
The Tempest,William Shakespeare,N/A,1611,https://openlibrary.org/works/OL362699W
Der Zauberberg,Thomas Mann,N/A,1924,https://openlibrary.org/works/OL14866824W
The Godfather,Mario Puzo,N/A,1969,https://openlibrary.org/works/OL1673205W
Winter's Tale,William Shakespeare,N/A,1735,https://openlibrary.org/works/OL362687W
Murder on the Links,Agatha Christie,N/A,1923,https://openlibrary.org/works/OL472073W
The history of the great plague in London in the year 1665,Daniel Defoe,N/A,1722,https://openlibrary.org/works/OL45109W
"The Complete Sherlock Holmes [4 novels, 56 stories]",Arthur Conan Doyle,N/A,1900,https://openlibrary.org/works/OL262554W
Age of fable,Thomas Bulfinch,N/A,1800,https://openlibrary.org/works/OL77559W
The Big Sleep,Raymond Chandler,N/A,1939,https://openlibrary.org/works/OL15400582W
The Pillars of the Earth,Ken Follett,N/A,1989,https://openlibrary.org/works/OL1914022W
Dorothy and the Wizard in Oz,L. Frank Baum,N/A,1908,https://openlibrary.org/works/OL18412W
The Last Battle,C.S. Lewis,N/A,1956,https://openlibrary.org/works/OL71124W
The Witches,Roald Dahl,N/A,1983,https://openlibrary.org/works/OL45886W
The Beautiful and Damned,F. Scott Fitzgerald,N/A,1922,https://openlibrary.org/works/OL468362W
Le fantôme de l'opéra,Gaston Leroux,N/A,1911,https://openlibrary.org/works/OL1833989W
The Scarlet Letter,Nathaniel Hawthorne,N/A,1850,https://openlibrary.org/works/OL455305W
Бѣсы,Фёдор Михайлович Достоевский,N/A,1871,https://openlibrary.org/works/OL166971W
Death in the Clouds,Agatha Christie,N/A,1935,https://openlibrary.org/works/OL472324W
The Jungle,Upton Sinclair,N/A,1707,https://openlibrary.org/works/OL114967W
The Hollow,Agatha Christie,N/A,1946,https://openlibrary.org/works/OL472526W
The Silmarillion,J.R.R. Tolkien,N/A,1977,https://openlibrary.org/works/OL27495W
The Man in the Brown Suit,Agatha Christie,N/A,1924,https://openlibrary.org/works/OL472549W
The book of tea,Okakura Kakuzo,N/A,1900,https://openlibrary.org/works/OL7095112W
"Works [37 plays, 6 poems, sonnets]",William Shakespeare,N/A,1730,https://openlibrary.org/works/OL259028W
Εὐθύφρων / Κρίτων / Φαίδων / Ἀπολογία Σωκράτους,Πλάτων,N/A,1871,https://openlibrary.org/works/OL51784W
Faerie queene,Edmund Spenser,N/A,1590,https://openlibrary.org/works/OL1146502W
The Time Machine,H. G. Wells,N/A,1895,https://openlibrary.org/works/OL52267W
The water-babies,"Charles Kingsley, Charles Kingsley",N/A,1863,https://openlibrary.org/works/OL1130095W
Anne of the Island,Lucy Maud Montgomery,N/A,1826,https://openlibrary.org/works/OL77748W
When the Sleeper Awakes,H. G. Wells,N/A,1899,https://openlibrary.org/works/OL52151W
The golden bough,"James George Frazer, Theodor Herzl Gaster, George W. Stocking",N/A,1890,https://openlibrary.org/works/OL1159648W
La Chute,Albert Camus,N/A,1917,https://openlibrary.org/works/OL1230631W
The Magician's Nephew,C.S. Lewis,N/A,1955,https://openlibrary.org/works/OL71042W
The Castle of Otranto,Horace Walpole,N/A,1764,https://openlibrary.org/works/OL183675W
The Catcher in the Rye,"J. D. Salinger, SparkNotes",N/A,1945,https://openlibrary.org/works/OL3335245W
Winnie-the-Pooh,A. A. Milne,N/A,1925,https://openlibrary.org/works/OL476641W
Tess of the d'Urbervilles,Thomas Hardy,N/A,1707,https://openlibrary.org/works/OL44927W
Le Morte d'Arthur,Thomas Malory,N/A,1557,https://openlibrary.org/works/OL15450151W
The Invisible Man,H. G. Wells,N/A,0,https://openlibrary.org/works/OL52266W
The Age of Innocence,Edith Wharton,N/A,1920,https://openlibrary.org/works/OL98491W
The Daughter of Time,Josephine Tey,N/A,1951,https://openlibrary.org/works/OL80947W
The House of Mirth,Edith Wharton,N/A,1905,https://openlibrary.org/works/OL98587W
A dictionary of the English language,Samuel Johnson,N/A,1747,https://openlibrary.org/works/OL14862662W
The Red Pony,John Steinbeck,N/A,1933,https://openlibrary.org/works/OL23197W
De la terre à la lune,Jules Verne,N/A,1865,https://openlibrary.org/works/OL1099479W
How to write a sentence,Henry James,N/A,1881,https://openlibrary.org/works/OL276370W
The Marvelous Land of Oz,L. Frank Baum,N/A,1904,https://openlibrary.org/works/OL18396W
The Pearl,John Steinbeck,N/A,1945,https://openlibrary.org/works/OL7966118W
The Iron Heel,Jack London,N/A,1907,https://openlibrary.org/works/OL74502W
The Night Before Christmas,Clement Clarke Moore,N/A,1857,https://openlibrary.org/works/OL655908W
On the origin of species by means of natural selection,Charles Darwin,N/A,1859,https://openlibrary.org/works/OL515051W
The Kybalion,Three Initiates,N/A,1912,https://openlibrary.org/works/OL20156281W
The Lightning Thief,Rick Riordan,N/A,2005,https://openlibrary.org/works/OL492658W
The Alhambra,Washington Irving,N/A,1800,https://openlibrary.org/works/OL63996W
King Henry V,William Shakespeare,N/A,1600,https://openlibrary.org/works/OL361466W
Vingt mille lieues sous les mers,Jules Verne,N/A,1870,https://openlibrary.org/works/OL1099280W
For Whom the Bell Tolls,Ernest Hemingway,N/A,1940,https://openlibrary.org/works/OL63009W
Through the Looking-Glass,"Lewis Carroll, Lewis Carroll, Lewis Lewis Carroll",N/A,1865,https://openlibrary.org/works/OL151406W
The Good Earth,"Pearl S. Buck, Nick Bertozzi, Ruth Goode, Donald F. Roden, Ernst Simon, Stephen Colbourn",N/A,1931,https://openlibrary.org/works/OL1140109W
The Merchant of Venice,William Shakespeare,N/A,1600,https://openlibrary.org/works/OL258758W
The Travels of Marco Polo,Marco Polo,N/A,1818,https://openlibrary.org/works/OL15584860W
The Prophet,Kahlil Gibran,N/A,1900,https://openlibrary.org/works/OL318900W
Ὀδύσσεια,Όμηρος,N/A,1488,https://openlibrary.org/works/OL61982W
Narrative of the life of Frederick Douglass,Frederick Douglass,N/A,1845,https://openlibrary.org/works/OL69178W
The Awakening,Kate Chopin,N/A,1899,https://openlibrary.org/works/OL65430W
The Secret Garden,Frances Hodgson Burnett,N/A,1911,https://openlibrary.org/works/OL69612W
Common Sense,Thomas Paine,N/A,1776,https://openlibrary.org/works/OL60358W
Plays (36),William Shakespeare,N/A,1623,https://openlibrary.org/works/OL362289W
Le rouge et le noir,Stendhal,N/A,1830,https://openlibrary.org/works/OL733640W
"The science of getting rich, or, financial success through creative thought","Wallace D. Wattles, Ruth L Miller, Patricia J. Crane, Rick Nichols",N/A,1910,https://openlibrary.org/works/OL3792044W
Imitation of Christ,"Thomas à Kempis, Jérôme de Gonnelieu, Richard Challoner, Ronald Arbuthnott Knox, Michael Oakley, Paul M. Bechtel, Joseph N. Tylenda, Elder Mullan, Henri Belleau, Félicité Robert de Lamennais, John Payne, William C. Creasy, Thomas Rogers, Sixtus V Pope, Hal McElwaine Helms, Harold C. Gardiner, Richard Whitford, Edgar Daplyn, David Alexander MacLennan, E. M. Blaiklock, Aloysius Croft, Harold Bolton, Richard Whitford, Wilfrid Raynal, Henry Parry Liddon, Félicité Robert De Lamennais, Jon M. Sweeney, Rev. William Benham, Rev. William Rev. William Benham, Valenti Angelo, Challoner, Leo Sherley-Price, Paul Wesley Chilcote, Pierre Corneille, Thomas Chalmers, George Hickes",N/A,1568,https://openlibrary.org/works/OL260847W
Das Schloß,Franz Kafka,N/A,1926,https://openlibrary.org/works/OL498434W
The Hobbit,J.R.R. Tolkien,N/A,1937,https://openlibrary.org/works/OL27482W
Othello,William Shakespeare,N/A,1622,https://openlibrary.org/works/OL258850W
Death on the Nile,Agatha Christie,N/A,1937,https://openlibrary.org/works/OL471724W
Inferno,Dante Alighieri,N/A,1767,https://openlibrary.org/works/OL93227W
The Horse and His Boy,C.S. Lewis,N/A,1954,https://openlibrary.org/works/OL71058W
Kidnapped,Robert Louis Stevenson,N/A,1886,https://openlibrary.org/works/OL24166W
A Vindication of Rights of Woman,Mary Wollstonecraft,N/A,1792,https://openlibrary.org/works/OL849186W
The Power of Your Subconscious Mind,Joseph Murphy,N/A,1963,https://openlibrary.org/works/OL55806W
Meditations,Marcus Aurelius,N/A,1626,https://openlibrary.org/works/OL1317211W
Die Blechtrommel,Günter Grass,N/A,1959,https://openlibrary.org/works/OL67334W
After the Funeral,Agatha Christie,N/A,1953,https://openlibrary.org/works/OL471943W
The Grapes of Wrath,John Steinbeck,N/A,1939,https://openlibrary.org/works/OL23205W
The Secret Agent,Joseph Conrad,N/A,1907,https://openlibrary.org/works/OL39108W
The Big Four,Agatha Christie,N/A,1927,https://openlibrary.org/works/OL471947W
The Red Badge of Courage,Stephen Crane,N/A,1855,https://openlibrary.org/works/OL20844W
James and the Giant Peach,Roald Dahl,N/A,1961,https://openlibrary.org/works/OL45809W
History,Herodotus,N/A,1494,https://openlibrary.org/works/OL15678068W
The Norton Anthology of English Literature,"M. H. Abrams, M. Abrams, M. H. Adams, Stephen Greenblatt, Abrams, M. H., M. H. Abrams",N/A,1962,https://openlibrary.org/works/OL2026379W
Essays,Francis Bacon,N/A,1618,https://openlibrary.org/works/OL69382W
Harry Potter and the Order of the Phoenix,J. K. Rowling,N/A,2003,https://openlibrary.org/works/OL82548W
Идіотъ,Фёдор Михайлович Достоевский,N/A,1880,https://openlibrary.org/works/OL166973W
Walden,Henry David Thoreau,N/A,1854,https://openlibrary.org/works/OL55649W
The Sun Also Rises,Ernest Hemingway,N/A,1926,https://openlibrary.org/works/OL62979W
Gone With the Wind,Margaret Mitchell,N/A,1936,https://openlibrary.org/works/OL267933W
The Color Purple,Alice Walker,N/A,1976,https://openlibrary.org/works/OL273644W
English grammar,Lindley Murray,N/A,1795,https://openlibrary.org/works/OL1147651W
Alice's Adventures in Wonderland / Through the Looking Glass,Lewis Carroll,N/A,1889,https://openlibrary.org/works/OL151411W
Charlie and the Chocolate Factory,Roald Dahl,N/A,1964,https://openlibrary.org/works/OL45790W
The Art of Loving,Erich Fromm,N/A,1956,https://openlibrary.org/works/OL1184991W
Book of common prayer,"Church of England, J. A. Maurault",N/A,1537,https://openlibrary.org/works/OL769120W
The A.B.C. Murders,Agatha Christie,N/A,1936,https://openlibrary.org/works/OL471509W
Little House in the Big Woods,"Laura Ingalls Wilder, Garth Williams",N/A,1932,https://openlibrary.org/works/OL1719746W
Genji monogatari,Murasaki Shikibu,N/A,1900,https://openlibrary.org/works/OL2564006W
Murder on the Orient Express,Agatha Christie,N/A,1933,https://openlibrary.org/works/OL471576W
The BFG,Roald Dahl,N/A,1980,https://openlibrary.org/works/OL45885W
The Old Curiosity Shop,"Charles Dickens, Bernardo Moreno Carrillo",N/A,1800,https://openlibrary.org/works/OL14869167W
The Waves,Virginia Woolf,N/A,1931,https://openlibrary.org/works/OL39316W
The Pilgrim's Progress,John Bunyan,N/A,1678,https://openlibrary.org/works/OL107195W
Tao te Ching,"老子, James Legge, Gia-Fu Feng, Stacie Mallinson, Jeff Mallinson, Peter Kang, John Minford, Stephen Mitchell",N/A,1842,https://openlibrary.org/works/OL45499W
The Lost Symbol,Dan Brown,N/A,2009,https://openlibrary.org/works/OL14873315W
कामसूत्र,Vatsyāyana,N/A,1883,https://openlibrary.org/works/OL239940W
La Peste,Albert Camus,N/A,1942,https://openlibrary.org/works/OL1230715W
"Laws, etc",Great Britain.,N/A,1691,https://openlibrary.org/works/OL14903581W
Mémoires,Giacomo Casanova,N/A,1830,https://openlibrary.org/works/OL1156251W
The Lost World,Arthur Conan Doyle,N/A,1900,https://openlibrary.org/works/OL262460W
Bible,Bible,N/A,1200,https://openlibrary.org/works/OL17732W
Incidents in the life of a slave girl,"Harriet A. Jacobs, Harriet Jacobs, Lydia Maria Child, Francine L. Jacobs, l. maria child, Carolyn L. Karcher, Jacobs, Hans Murray, Carla Fonte Sánchez, Carme Manuel Cuenca",N/A,1861,https://openlibrary.org/works/OL28623W
Evil Under the Sun,Agatha Christie,N/A,1941,https://openlibrary.org/works/OL472049W
The Road to Oz,L. Frank Baum,N/A,1909,https://openlibrary.org/works/OL262390W
The Case-Book of Sherlock Holmes,Arthur Conan Doyle,N/A,1927,https://openlibrary.org/works/OL262426W
The Canterville Ghost,Oscar Wilde,N/A,1887,https://openlibrary.org/works/OL14877871W
The Woman in White,Wilkie Collins,N/A,1860,https://openlibrary.org/works/OL176045W
A Portrait of the Artist as a Young Man,James Joyce,N/A,1818,https://openlibrary.org/works/OL86343W
Sonnets,William Shakespeare,N/A,1609,https://openlibrary.org/works/OL362706W
πολιτεία,Πλάτων,N/A,1554,https://openlibrary.org/works/OL51831W
A Doll's House,Henrik Ibsen,N/A,1889,https://openlibrary.org/works/OL16249343W
Poems,William Butler Yeats,N/A,1895,https://openlibrary.org/works/OL38847W
Dell'Arte della Guerra,Niccolò Machiavelli,N/A,1540,https://openlibrary.org/works/OL15968W
Black Beauty,Anna Sewell,N/A,1877,https://openlibrary.org/works/OL15854658W
Anatomy,"Henry Gray F.R.S., Henry Vandyke Carter",N/A,1858,https://openlibrary.org/works/OL15399118W
The Richest Man in Babylon,George S. Clason,N/A,1926,https://openlibrary.org/works/OL8165007W
Moby Dick,Herman Melville,N/A,1851,https://openlibrary.org/works/OL102749W
An autobiography,Mohandas Karamchand Gandhi,N/A,1927,https://openlibrary.org/works/OL298031W
The Varieties of Religious Experience,"William James, Dr. William James, WILLIAM JAMES, James, William, William James, CrossReach Publications, James William",N/A,1817,https://openlibrary.org/works/OL1073561W
Ozma of Oz,L. Frank Baum,N/A,1907,https://openlibrary.org/works/OL18415W
The Devil's Dictionary,Ambrose Bierce,N/A,1840,https://openlibrary.org/works/OL7973273W
The Autobiography of Benjamin Franklin,Benjamin Franklin,N/A,1791,https://openlibrary.org/works/OL26492W
Manifest der Kommunistischen Partei,"Karl Marx, Friedrich Engels",N/A,1848,https://openlibrary.org/works/OL629052W
History of the Peloponnesian War,Thucydides,N/A,1526,https://openlibrary.org/works/OL16200353W
The Scarlet Pimpernel,"Emmuska Orczy, Baroness Orczy",N/A,1900,https://openlibrary.org/works/OL1253285W
The Island of Dr. Moreau,H. G. Wells,N/A,1896,https://openlibrary.org/works/OL381550W
Robinson Crusoe,Daniel Defoe,N/A,1719,https://openlibrary.org/works/OL45310W
Prince Caspian,C.S. Lewis,N/A,1951,https://openlibrary.org/works/OL71069W
Die Traumdeutung,Sigmund Freud,N/A,1899,https://openlibrary.org/works/OL1069300W
The Moving Finger,Agatha Christie,N/A,1942,https://openlibrary.org/works/OL471905W
The Book Thief,Markus Zusak,N/A,1998,https://openlibrary.org/works/OL5819456W
Poems,William Wordsworth,N/A,1807,https://openlibrary.org/works/OL26386W
The Railway Children,Edith Nesbit,N/A,1900,https://openlibrary.org/works/OL99509W
The Thirty-Nine Steps,John Buchan,N/A,1915,https://openlibrary.org/works/OL76524W
Where the Wild Things Are,Maurice Sendak,N/A,1600,https://openlibrary.org/works/OL2568879W
The Secret of Chimneys,Agatha Christie,N/A,1925,https://openlibrary.org/works/OL472542W
The Da Vinci Code,Dan Brown,N/A,2003,https://openlibrary.org/works/OL76837W
Memoirs of Sherlock Holmes [11 stories],Arthur Conan Doyle,N/A,1893,https://openlibrary.org/works/OL262463W
Nicomachean Ethics,"Aristotle, J. A. Smith, Joe Sachs, Robert C. Bartlett, Susan D. Collins, L H. G. ed Greenwood",N/A,1558,https://openlibrary.org/works/OL8273964W
Charlie and the Great Glass Elevator,Roald Dahl,N/A,1972,https://openlibrary.org/works/OL45793W
The Last Man,Mary Shelley,N/A,1826,https://openlibrary.org/works/OL450124W
Die protestantische Ethik und der Geist des Kapitalismus,"Max Weber, Gilbert Geis, Sebastian Guzman, James Hill, Joaquín Abellán García, Đặng Thị Nguyệt Ánh, Le Minh Ton, Tôn Lê Minh, Talcott Parsons, Benito Romero, Suzanne Barbeau, Jacques Chavy, Piero Burresi, Isabelle Kalinowski, Luis Legaz Lacambra",N/A,1700,https://openlibrary.org/works/OL1362905W
The Kite Runner,Khaled Hosseini,N/A,2003,https://openlibrary.org/works/OL5781992W
Die Leiden des jungen Werthers,Johann Wolfgang von Goethe,N/A,1779,https://openlibrary.org/works/OL52556W
Don Quijote de la Mancha,Miguel de Cervantes Saavedra,N/A,1600,https://openlibrary.org/works/OL503666W
Lives,Plutarch,N/A,1564,https://openlibrary.org/works/OL2521179W
The Importance of Being Earnest,Oscar Wilde,N/A,1893,https://openlibrary.org/works/OL27776452W
The Souls of Black Folk,W. E. B. Du Bois,N/A,1903,https://openlibrary.org/works/OL28577W
Il nome della rosa,Umberto Eco,N/A,1980,https://openlibrary.org/works/OL8996439W
The Mirror Crack'd from Side to Side,Agatha Christie,N/A,1960,https://openlibrary.org/works/OL471990W
The Return of Sherlock Holmes,Arthur Conan Doyle,N/A,1903,https://openlibrary.org/works/OL262477W
Philosophiae naturalis principia mathematica,Sir Isaac Newton,N/A,1687,https://openlibrary.org/works/OL104736W
Hong lou meng,"Tsʻao, Hsüeh-chʻin., (qing) Cao, xue qin, Cao xue qin",N/A,1900,https://openlibrary.org/works/OL11675949W
Ἰλιάς,Όμηρος,N/A,1505,https://openlibrary.org/works/OL61981W
Les Trois Mousquetaires,"Alexandre Dumas, Auguste Maquet",N/A,1844,https://openlibrary.org/works/OL36861W
The Enchanted Castle,Edith Nesbit,N/A,1907,https://openlibrary.org/works/OL99541W
Frankenstein or The Modern Prometheus,Mary Shelley,N/A,1818,https://openlibrary.org/works/OL450063W
The Gruffalo,Julia Donaldson,N/A,1999,https://openlibrary.org/works/OL1938178W
The Story of Doctor Dolittle,Hugh Lofting,N/A,1920,https://openlibrary.org/works/OL1449046W
The Handmaid's Tale,Margaret Atwood,N/A,1985,https://openlibrary.org/works/OL675783W
O Alquimista,Paulo Coelho,N/A,1988,https://openlibrary.org/works/OL796465W
One Flew Over the Cuckoo's Nest,Ken Kesey,N/A,1962,https://openlibrary.org/works/OL2944469W
The Elements of Style,"William Strunk, Jr., E. B. White, William Strunk Jr., Roger Angell, Strunk, William, Jr.",N/A,1920,https://openlibrary.org/works/OL38285W
Macbeth,William Shakespeare,N/A,1508,https://openlibrary.org/works/OL258902W
The Tale of Peter Rabbit,"Beatrix Potter, Blackwell North America., Jean Little, David Hately, J. K. Jomkhwan, Lisa McCue",N/A,1920,https://openlibrary.org/works/OL26460746W
The Very Hungry Caterpillar,Eric Carle,N/A,1969,https://openlibrary.org/works/OL52987W
Братья Карамазовы,Фёдор Михайлович Достоевский,N/A,1880,https://openlibrary.org/works/OL10432709W
The Art of War,"孙武, Sun Tzu ",N/A,1900,https://openlibrary.org/works/OL244537W
Poems by John Keats,John Keats,N/A,1800,https://openlibrary.org/works/OL1455259W
Het Achterhuis,Anne Frank,N/A,1944,https://openlibrary.org/works/OL266178W
The Jungle Book,Rudyard Kipling,N/A,1893,https://openlibrary.org/works/OL19870W
Le petit prince,Antoine de Saint-Exupéry,N/A,1943,https://openlibrary.org/works/OL10263W
Mere Christianity,C.S. Lewis,N/A,1943,https://openlibrary.org/works/OL71056W
The Bell Jar,Sylvia Plath,N/A,1963,https://openlibrary.org/works/OL1865528W
The Legend of Sleepy Hollow,Washington Irving,N/A,1820,https://openlibrary.org/works/OL63985W
Cards on the Table,Agatha Christie,N/A,1936,https://openlibrary.org/works/OL471637W
Three Men in a Boat (to say nothing of the dog),Jerome Klapka Jerome,N/A,1889,https://openlibrary.org/works/OL1793164W
The Subtle Knife,Philip Pullman,N/A,1997,https://openlibrary.org/works/OL28993W
Le Tour du Monde en Quatre-Vingts Jours,Jules Verne,N/A,1872,https://openlibrary.org/works/OL1100007W
The Prince,Niccolò Machiavelli,N/A,1515,https://openlibrary.org/works/OL1089297W
The Jewel of Seven Stars,Bram Stoker,N/A,1902,https://openlibrary.org/works/OL85891W
À rebours,Joris-Karl Huysmans,N/A,1884,https://openlibrary.org/works/OL2239396W
La casa de los espíritus,Isabel Allende,N/A,1982,https://openlibrary.org/works/OL1905255W
Harry Potter and the Half-Blood Prince,"J. K. Rowling, Mary GrandPré",N/A,2005,https://openlibrary.org/works/OL82565W
The Wonderful Wizard of Oz,L. Frank Baum,N/A,1899,https://openlibrary.org/works/OL18417W
Aeneis,Publius Vergilius Maro,N/A,1710,https://openlibrary.org/works/OL16280231W
Harry Potter and the Deathly Hallows,J. K. Rowling,N/A,2007,https://openlibrary.org/works/OL82586W
"Ramayana, a Holy Bible of India","Vālmīki, Robert P. Goldman, Rosalind Lefeber, Sheldon I. Pollock",N/A,1823,https://openlibrary.org/works/OL308980W
Im Westen nichts Neues,Erich Maria Remarque,N/A,1928,https://openlibrary.org/works/OL1209288W
Elements,Euclid,N/A,1482,https://openlibrary.org/works/OL912133W
Hamlet,William Shakespeare,N/A,1603,https://openlibrary.org/works/OL9170454W
The Power of Darkness,Edith Nesbit,N/A,2006,https://openlibrary.org/works/OL407498W
Xi you ji,"Wu Cheng'en, Eleanor Hazard, Chʻeng-en Wu, Darwin L. Teilhet, Anthony C. Yu",N/A,1900,https://openlibrary.org/works/OL3593545W
King Lear,William Shakespeare,N/A,1608,https://openlibrary.org/works/OL259026W
The Great Gatsby,F. Scott Fitzgerald,N/A,1920,https://openlibrary.org/works/OL468431W
Northern Lights,Philip Pullman,N/A,1995,https://openlibrary.org/works/OL28988W
Le avventure di Pinocchio,Carlo Collodi,N/A,1883,https://openlibrary.org/works/OL1527356W
Harry Potter and the Goblet of Fire,"J. K. Rowling, Jim Kay",N/A,1993,https://openlibrary.org/works/OL82560W
La conquête du pain,Peter Kropotkin,N/A,1892,https://openlibrary.org/works/OL1105382W
As a man thinketh,James Allen,N/A,1902,https://openlibrary.org/works/OL43024W
Bambi,Felix Salten,N/A,1926,https://openlibrary.org/works/OL4459213W
Study Guide,SuperSummary,N/A,2019,https://openlibrary.org/works/OL21885963W
The Boy in the Striped Pyjamas,John Boyne,N/A,2006,https://openlibrary.org/works/OL5840870W
Abridgment of Murray's English Grammar,Lindley Murray,N/A,1800,https://openlibrary.org/works/OL1147650W
The Hunchback of Notre Dame,Victor Hugo,N/A,1831,https://openlibrary.org/works/OL15202030W
Utopia,Thomas More,N/A,1518,https://openlibrary.org/works/OL15366912W
Poetics,"Aristotle, Leon Golden, O. B. Hardison",N/A,1536,https://openlibrary.org/works/OL13703833W
John Donne Poetry,"John Donne, John Booty, P.G. Stanwood",N/A,1633,https://openlibrary.org/works/OL15420303W
Study Guide,SuperSummary,N/A,2017,https://openlibrary.org/works/OL21868175W
The Adventures of Tom Sawyer,Mark Twain,N/A,1817,https://openlibrary.org/works/OL53919W
Смерть Ивана Ильича,"Leo Tolstoy, Anthony Briggs, Anthony Horvath, Constance Black Garnett, Zinc Read",N/A,1887,https://openlibrary.org/works/OL267174W
Decamerone,Giovanni Boccaccio,N/A,1516,https://openlibrary.org/works/OL7180368W
The Sea Fairies,L. Frank Baum,N/A,1911,https://openlibrary.org/works/OL262384W
The Great God Pan,Arthur Machen,N/A,1894,https://openlibrary.org/works/OL3388961W
Kritik der reinen Vernunft,Immanuel Kant,N/A,1781,https://openlibrary.org/works/OL99844W
Οἰδίπους Τύραννος (Oidípous Týrannos),Sophocles,N/A,1715,https://openlibrary.org/works/OL43861W
Slaughterhouse-Five,Kurt Vonnegut,N/A,1968,https://openlibrary.org/works/OL98459W
Hans Andersen's Fairy Tales,Hans Christian Andersen,N/A,1846,https://openlibrary.org/works/OL16249171W
"Danny, The Champion of the World",Roald Dahl,N/A,1975,https://openlibrary.org/works/OL45865W
Julius Caesar,William Shakespeare,N/A,1656,https://openlibrary.org/works/OL362702W
The Murder of Roger Ackroyd,Agatha Christie,N/A,1926,https://openlibrary.org/works/OL471932W
A Little Princess,"Frances Hodgson Burnett, Oxford University Press Staff, Jennifer Bassett, Justine Eyre, Nancy Bond",N/A,1905,https://openlibrary.org/works/OL69630W
Uncle Tom's Cabin,Harriet Beecher Stowe,N/A,1850,https://openlibrary.org/works/OL152161W
Der Proceß,Franz Kafka,N/A,1825,https://openlibrary.org/works/OL498463W
Les confessions,Jean-Jacques Rousseau,N/A,1782,https://openlibrary.org/works/OL80592W
Confessions,Augustine of Hippo,N/A,1482,https://openlibrary.org/works/OL137872W
Tarzan of the Apes,Edgar Rice Burroughs,N/A,1912,https://openlibrary.org/works/OL1418251W
Ἀπολογία Σωκράτους,Πλάτων,N/A,1675,https://openlibrary.org/works/OL51948W
Noli Me Tangere,José Rizal,N/A,1902,https://openlibrary.org/works/OL1622789W
The Problems of Philosophy,Bertrand Russell,N/A,1900,https://openlibrary.org/works/OL1088577W
De rerum natura,Titus Lucretius Carus,N/A,1486,https://openlibrary.org/works/OL1548597W
The Secret Adversary,Agatha Christie,N/A,1922,https://openlibrary.org/works/OL471789W
Die Verwandlung,Franz Kafka,N/A,1915,https://openlibrary.org/works/OL498556W
El túnel,Ernesto Sabato,N/A,1948,https://openlibrary.org/works/OL617847W
Lolita,"Vladimir Nabokov, Josep Daurella i Nadal, Vladimir Nabokov",N/A,1955,https://openlibrary.org/works/OL627084W
The Hunger Games,Suzanne Collins,N/A,2008,https://openlibrary.org/works/OL5735363W
Der Antichrist,Friedrich Nietzsche,N/A,1895,https://openlibrary.org/works/OL15692719W
Harry Potter and the Philosopher's Stone,J. K. Rowling,N/A,1997,https://openlibrary.org/works/OL82563W
The Valley of Fear,Arthur Conan Doyle,N/A,1914,https://openlibrary.org/works/OL262505W
El Conde de Montecristo,Alexandre Dumas,N/A,1830,https://openlibrary.org/works/OL36287W
L’étranger,Albert Camus,N/A,1942,https://openlibrary.org/works/OL1230613W
Oliver Twist,Charles Dickens,N/A,1822,https://openlibrary.org/works/OL8193478W
David Copperfield,Charles Dickens,N/A,1800,https://openlibrary.org/works/OL8662242W
The King in Yellow,Robert W. Chambers,N/A,1895,https://openlibrary.org/works/OL8127201W
Vincent van Gogh,"Vincent van Gogh, Colta Ives, Sjraar van Heugten, Marije Vellekoop, Ingo F. Walther, Rainer Metzger, Louis van Tilborgh, Johannes von Uitert, Schapiro, Meyer",N/A,1914,https://openlibrary.org/works/OL518262W
Harry Potter and the Prisoner of Azkaban,J. K. Rowling,N/A,1999,https://openlibrary.org/works/OL82536W
Antony and Cleopatra,William Shakespeare,N/A,1734,https://openlibrary.org/works/OL362695W
Συμπόσιον,Πλάτων,N/A,1559,https://openlibrary.org/works/OL51815W
The Poems of Emily Dickinson Volume II,Emily Dickinson,N/A,1890,https://openlibrary.org/works/OL51381W
Essais,"Montaigne, Michel de",N/A,1600,https://openlibrary.org/works/OL1086528W
The Mysterious Affair at Styles,"Agatha Christie, Aric Cushing, Bookstar",N/A,1920,https://openlibrary.org/works/OL472715W
"Rich Dad, Poor Dad","Robert T. Kiyosaki, Sharon L. Lechter",N/A,1990,https://openlibrary.org/works/OL2010879W
Think and Grow Rich,"Napoleon Hill, Jonathan C. Young",N/A,1937,https://openlibrary.org/works/OL527464W
Peter Pan,J. M. Barrie,N/A,1911,https://openlibrary.org/works/OL462007W
Gulliver's Travels,Jonathan Swift,N/A,1726,https://openlibrary.org/works/OL20600W
The Adventures of Sherlock Holmes [12 stories],Arthur Conan Doyle,N/A,1892,https://openlibrary.org/works/OL262421W
Leviathan,Thomas Hobbes,N/A,1651,https://openlibrary.org/works/OL653987W
NASA/DoD aerospace knowledge diffusion research project,Thomas E. Pinelli,N/A,1990,https://openlibrary.org/works/OL8894965W
Adventures of Huckleberry Finn,Mark Twain,N/A,1876,https://openlibrary.org/works/OL53908W
Lust for Life,Irving Stone,N/A,1934,https://openlibrary.org/works/OL112003W
The Man Who Was Thursday,"Gilbert Keith Chesterton, Jake Kerr, Matt Mikalatos, Harry Plantinga, David Widger, Vincent Verret, Victor",N/A,1908,https://openlibrary.org/works/OL76487W
Manifest der Kommunistischen Partei,"Karl Marx, Friedrich Engels",N/A,1848,https://openlibrary.org/works/OL28992472W
Cranford,Elizabeth Cleghorn Gaskell,N/A,1853,https://openlibrary.org/works/OL1103093W
Leaves of Grass,Walt Whitman,N/A,1855,https://openlibrary.org/works/OL16333W
Πολιτικά (Politiká),Aristotle,N/A,1492,https://openlibrary.org/works/OL16247898W
Dune,Frank Herbert,N/A,1965,https://openlibrary.org/works/OL893415W
The Book of Dragons,Edith Nesbit,N/A,1973,https://openlibrary.org/works/OL99529W
Demian,Hermann Hesse,N/A,1919,https://openlibrary.org/works/OL872981W
La Poetica,Aristotle,N/A,1479,https://openlibrary.org/works/OL151515W
The blue castle,Lucy Maud Montgomery,N/A,1926,https://openlibrary.org/works/OL77775W
The Picture of Dorian Gray,Oscar Wilde,N/A,1890,https://openlibrary.org/works/OL8193416W
Harry Potter and the Chamber of Secrets,J. K. Rowling,N/A,1998,https://openlibrary.org/works/OL82537W
Robin Hood,Howard Pyle,N/A,1883,https://openlibrary.org/works/OL2021953W
Kinder- und Hausmärchen,Gebrüder Grimm [Brothers Grimm],N/A,1812,https://openlibrary.org/works/OL45361W
The Raven,Edgar Allan Poe,N/A,1845,https://openlibrary.org/works/OL41081W
Les Contes de ma mère l'Oye,Charles Perrault,N/A,1675,https://openlibrary.org/works/OL23869W
Gorin no sho,"Miyamoto Musashi, William Scott Wilson, Kenji Tokitsu, Brian Nishii, jose manquel, Karlo Toreles",N/A,1963,https://openlibrary.org/works/OL3946622W
Heart of Darkness,Joseph Conrad,N/A,1899,https://openlibrary.org/works/OL38663W
Essay concerning human understanding,John Locke,N/A,1689,https://openlibrary.org/works/OL880201W
Romeo and Juliet,William Shakespeare,N/A,1597,https://openlibrary.org/works/OL362427W
Rime of the ancient mariner,Samuel Taylor Coleridge,N/A,1827,https://openlibrary.org/works/OL26130W
Dracula,Bram Stoker,N/A,1897,https://openlibrary.org/works/OL85892W
Catching Fire,Suzanne Collins,N/A,2009,https://openlibrary.org/works/OL5735360W
The Man Who Knew Too Much,Gilbert Keith Chesterton,N/A,1922,https://openlibrary.org/works/OL76468W
The Innocents Abroad,Mark Twain,N/A,1800,https://openlibrary.org/works/OL54041W
Ars Amatoria,Ovid,N/A,1494,https://openlibrary.org/works/OL97725W
The Everlasting Man,Gilbert Keith Chesterton,N/A,1925,https://openlibrary.org/works/OL76474W
"The art of money getting, or, Golden rules for money getting",P. T. Barnum,N/A,1880,https://openlibrary.org/works/OL891636W
The Strange Case of Dr. Jekyll and Mr. Hyde,Robert Louis Stevenson,N/A,1875,https://openlibrary.org/works/OL24156W
Paradise Lost,John Milton,N/A,1667,https://openlibrary.org/works/OL810991W
Мы,"Евгений Иванович Замятин, Gary Kern, Alejandro Ariel González, Tavo Montañez, Sergio Hernández-Ranera Sánchez, Gregory Zilboorg, Alexander Glinka",N/A,1924,https://openlibrary.org/works/OL10215W
Daisy Miller,Henry James,N/A,1877,https://openlibrary.org/works/OL276328W
The Club of Queer Trades,"Gilbert Keith Chesterton, H. H Sign",N/A,1900,https://openlibrary.org/works/OL76325W
Отцы и дети,Ivan Sergeevich Turgenev,N/A,1867,https://openlibrary.org/works/OL43370W
Candide,"Voltaire, William Fleming, Philip Littell, Jack Davenport",N/A,1746,https://openlibrary.org/works/OL100672W
Hard Times,Charles Dickens,N/A,1854,https://openlibrary.org/works/OL8193387W
Faust,Johann Wolfgang von Goethe,N/A,1800,https://openlibrary.org/works/OL52456W
The Complete Life and Adventures of Santa Claus,L. Frank Baum,N/A,1902,https://openlibrary.org/works/OL262358W
Women in Love,D. H. Lawrence,N/A,1877,https://openlibrary.org/works/OL81294W
The Firm,John Grisham,N/A,1991,https://openlibrary.org/works/OL76972W
Justine,Marquis de Sade,N/A,1900,https://openlibrary.org/works/OL962240W
All's Well That Ends Well,William Shakespeare,N/A,1734,https://openlibrary.org/works/OL362676W
As You Like It,William Shakespeare,N/A,1734,https://openlibrary.org/works/OL362698W
Discours de la méthode,René Descartes,N/A,1644,https://openlibrary.org/works/OL1151518W
Мастер и Маргарита,Михаил Афанасьевич Булгаков,N/A,1966,https://openlibrary.org/works/OL676009W
Metamorphoses,Ovid,N/A,1479,https://openlibrary.org/works/OL15292640W
Mein Kampf,Adolf Hitler,N/A,1922,https://openlibrary.org/works/OL1067314W
Ulysses,James Joyce,N/A,1920,https://openlibrary.org/works/OL86318W
Jenseits von Gut und Böse,Friedrich Nietzsche,N/A,1885,https://openlibrary.org/works/OL98174W
The most dangerous game,Richard Connell,N/A,1990,https://openlibrary.org/works/OL5278311W
Du contrat social,Jean-Jacques Rousseau,N/A,1762,https://openlibrary.org/works/OL80609W
The Shining,Stephen King,N/A,1977,https://openlibrary.org/works/OL81633W
Les Misérables,Victor Hugo,N/A,1862,https://openlibrary.org/works/OL1063588W
El amor en los tiempos del cólera,Gabriel García Márquez,N/A,1985,https://openlibrary.org/works/OL274518W
Poems,Rainer Maria Rilke,N/A,1900,https://openlibrary.org/works/OL3800819W
Finnegans Wake,James Joyce,N/A,1928,https://openlibrary.org/works/OL86319W
Записки изъ подполья,Фёдор Михайлович Достоевский,N/A,1960,https://openlibrary.org/works/OL166899W
"Arsène Lupin, gentleman-cambrioleur",Maurice Leblanc,N/A,1907,https://openlibrary.org/works/OL1064290W
Twelfth Night,William Shakespeare,N/A,1734,https://openlibrary.org/works/OL362694W
Kim,Rudyard Kipling,N/A,1901,https://openlibrary.org/works/OL19908W
Sons and Lovers,D. H. Lawrence,N/A,1913,https://openlibrary.org/works/OL81295W
Crooked House,Agatha Christie,N/A,1949,https://openlibrary.org/works/OL471891W
Hiroshima,John Hersey,N/A,1702,https://openlibrary.org/works/OL2700123W
A Caribbean Mystery,"Agatha Christie, Christie",N/A,1964,https://openlibrary.org/works/OL472458W
Much Ado About Nothing,William Shakespeare,N/A,1600,https://openlibrary.org/works/OL362691W
A Brief History of Time,Stephen Hawking,N/A,1988,https://openlibrary.org/works/OL1892617W
A town like Alice,Nevil Shute,N/A,1950,https://openlibrary.org/works/OL2779741W
At Bertram's Hotel,Agatha Christie,N/A,1965,https://openlibrary.org/works/OL265415W
Lady Chatterley's Lover,D. H. Lawrence,N/A,1900,https://openlibrary.org/works/OL81180W
A Midsummer Night's Dream,William Shakespeare,N/A,1600,https://openlibrary.org/works/OL259010W
Whose Body?,Dorothy L. Sayers,N/A,1923,https://openlibrary.org/works/OL2234917W
Das Kapital,Karl Marx,N/A,1867,https://openlibrary.org/works/OL628450W
Memórias póstumas de Brás Cubas,Joaquim Maria Machado de Assis,N/A,1881,https://openlibrary.org/works/OL1003017W
This Side of Paradise,F. Scott Fitzgerald,N/A,1920,https://openlibrary.org/works/OL468488W
A Farewell to Arms,Ernest Hemingway,N/A,1929,https://openlibrary.org/works/OL63072W
Anthem,Ayn Rand,N/A,1936,https://openlibrary.org/works/OL731737W
War and Peace,Лев Толстой,N/A,1864,https://openlibrary.org/works/OL267171W
Les fleurs du mal,Charles Baudelaire,N/A,1855,https://openlibrary.org/works/OL1158921W
Twelve years a slave,Solomon Northup,N/A,1853,https://openlibrary.org/works/OL78871W
Perfume,Patrick Süskind,N/A,1985,https://openlibrary.org/works/OL10834W
Self-knowledge,John Mason,N/A,1745,https://openlibrary.org/works/OL6384123W
Great Expectations,Charles Dickens,N/A,1861,https://openlibrary.org/works/OL8721462W
Moralia,Plutarch,N/A,1500,https://openlibrary.org/works/OL723491W
Twilight,Stephenie Meyer,N/A,2005,https://openlibrary.org/works/OL5720023W
Sein und Zeit,Martin Heidegger,N/A,1927,https://openlibrary.org/works/OL77609W
Ab urbe condita,Titus Livius,N/A,1481,https://openlibrary.org/works/OL1261147W
Paul Klee,Paul Klee,N/A,1930,https://openlibrary.org/works/OL972930W
Persuasion,Jane Austen,N/A,1789,https://openlibrary.org/works/OL66544W
The Gunslinger,Stephen King,N/A,1976,https://openlibrary.org/works/OL81628W
Love and Freindship,Jane Austen,N/A,1995,https://openlibrary.org/works/OL15079937W
Fairy Tales and Stories,Hans Christian Andersen,N/A,1850,https://openlibrary.org/works/OL25397W
Orthodoxy,"Gilbert Keith Chesterton, Damian Andre, Catholic Way Publishing Staff, Lucio Marcetti",N/A,1874,https://openlibrary.org/works/OL76350W
Picasso,"Pablo Picasso, Jean-Louis Andral, Pierre Daix",N/A,1926,https://openlibrary.org/works/OL145191W
Se questo è un uomo,Primo Levi,N/A,1947,https://openlibrary.org/works/OL860066W
The game of life and how to play it,Florence Scovel Shinn,N/A,1925,https://openlibrary.org/works/OL4794651W
Dubliners,James Joyce,N/A,1914,https://openlibrary.org/works/OL86320W
Wuthering Heights,"Emily Brontë, Stephanie Baudet, Arianna Bellucci, Angel Vara, Tanya Landman, Gisela Etzel, Theodore De Wyzewa",N/A,1846,https://openlibrary.org/works/OL21177W
Of Human Bondage,William Somerset Maugham,N/A,1915,https://openlibrary.org/works/OL505781W
Carmilla,Sheridan Le Fanu,N/A,1871,https://openlibrary.org/works/OL2895536W
Henry Moore,"David Sylvester, Henry Moore, J. Hedgecoe, Alan Bowness, Herbert Edward Read, Ann Garrould",N/A,1934,https://openlibrary.org/works/OL1001044W
She,H. Rider Haggard,N/A,1886,https://openlibrary.org/works/OL17453W
Works (Awakening / Beyond the Bayou / Desiree's Baby / Kiss / Locket / Ma'ame Pelagie / Pair of Silk Stockings / Reflection / Respectable Woman),Kate Chopin,N/A,1981,https://openlibrary.org/works/OL65438W
His Last Bow [8 stories],Arthur Conan Doyle,N/A,1917,https://openlibrary.org/works/OL262452W
Sense and Sensibility,Jane Austen,N/A,1811,https://openlibrary.org/works/OL66562W
A Tale of Two Cities,Charles Dickens,N/A,1800,https://openlibrary.org/works/OL8193465W
Principles of Anatomy and Physiology,"Gerard J. Tortora, Bryan H. Derrickson, Brendan Burkett, Danielle Dye, Julie Cooke, HOUGHTON MIFFLIN HARCOURT, Gregory Peoples, Tara Diversi, Mark McKean, Latika Samalia, Rebecca Mellifont, Richard G. Smith undifferentiated, Gerald J. Tortura, Sandra R. Grabowski, Tortora, Sandra Reynolds Grabowski",N/A,1975,https://openlibrary.org/works/OL1827306W
2001,Arthur C. Clarke,N/A,1968,https://openlibrary.org/works/OL17365W
Lady Susan,Jane Austen,N/A,1925,https://openlibrary.org/works/OL66614W
Nineteen Eighty-Four,George Orwell,N/A,1949,https://openlibrary.org/works/OL1168083W
Tractatus logico-philosophicus,Ludwig Wittgenstein,N/A,1921,https://openlibrary.org/works/OL1410381W
Northanger Abbey,Jane Austen,N/A,1818,https://openlibrary.org/works/OL66534W
La nausée,Jean-Paul Sartre,N/A,1938,https://openlibrary.org/works/OL1161171W
Alice's Adventures in Wonderland,Lewis Carroll,N/A,1865,https://openlibrary.org/works/OL138052W
The Sound and the Fury,William Faulkner,N/A,1929,https://openlibrary.org/works/OL82870W
Mrs. Dalloway,Virginia Woolf,N/A,1925,https://openlibrary.org/works/OL39349W
Pride and Prejudice,Jane Austen,N/A,1813,https://openlibrary.org/works/OL66554W
Анна Каренина,Лев Толстой,N/A,1876,https://openlibrary.org/works/OL267096W
... Trotzdem Ja zum Leben sagen,Viktor E. Frankl,N/A,1946,https://openlibrary.org/works/OL1268413W
Daddy-Long-Legs,Jean Webster,N/A,1912,https://openlibrary.org/works/OL4322177W
On Liberty,John Stuart Mill,N/A,1859,https://openlibrary.org/works/OL1068091W
Vanity Fair,William Makepeace Thackeray,N/A,1800,https://openlibrary.org/works/OL16313W
Eva Luna,Isabel Allende,N/A,1987,https://openlibrary.org/works/OL1905263W
Pollyanna,"Eleanor Hodgman Porter, Porter, Neil Reed, Lee Giles",N/A,1912,https://openlibrary.org/works/OL2775807W
Fahrenheit 451,Ray Bradbury,N/A,1953,https://openlibrary.org/works/OL103123W
R.U.R. and The insect play,"Karel Čapek, Josef Čapek",N/A,1920,https://openlibrary.org/works/OL575625W
A Christmas Carol,Charles Dickens,N/A,1843,https://openlibrary.org/works/OL8193497W
A Clockwork Orange,Anthony Burgess,N/A,1962,https://openlibrary.org/works/OL261794W
Peril at End House,Agatha Christie,N/A,1932,https://openlibrary.org/works/OL472165W
Emma,Jane Austen,N/A,1815,https://openlibrary.org/works/OL66513W
Jane Eyre,Charlotte Brontë,N/A,1847,https://openlibrary.org/works/OL1095427W
Little Women,Louisa May Alcott,N/A,1848,https://openlibrary.org/works/OL29983W
The Incredible Journey,Sheila Burnford,N/A,1960,https://openlibrary.org/works/OL2562769W
Memoirs of Fanny Hill,John Cleland,N/A,1749,https://openlibrary.org/works/OL848436W
4:50 from Paddington,Agatha Christie,N/A,1957,https://openlibrary.org/works/OL471500W
A Study of History,"Arnold J. Toynbee, D.C Somervell",N/A,1900,https://openlibrary.org/works/OL1108523W
Pensées,"Blaise Pascal, Philippe Sellier, William Finlayson Trotter, T. S. Eliot, Blaise Perier, Margival Henri, H. F. Stewart",N/A,1670,https://openlibrary.org/works/OL1262495W
Flatland,Edwin Abbott Abbott,N/A,1884,https://openlibrary.org/works/OL118388W
Appointment with Death,Agatha Christie,N/A,1938,https://openlibrary.org/works/OL471667W
Fantastic Mr Fox,Roald Dahl,N/A,1970,https://openlibrary.org/works/OL45804W
Bleak House,Charles Dickens,N/A,1850,https://openlibrary.org/works/OL14868510W
Good wives,Louisa May Alcott,N/A,1870,https://openlibrary.org/works/OL16894032W
My Ántonia,Willa Cather,N/A,1918,https://openlibrary.org/works/OL12791W
Treasure Island,Robert Louis Stevenson,N/A,1880,https://openlibrary.org/works/OL24034W
Heidi,Johanna Spyri,N/A,1885,https://openlibrary.org/works/OL1455042W
Poirot investigates,Agatha Christie,N/A,1924,https://openlibrary.org/works/OL471940W
Max Ernst,"Max Ernst, Werner Spies, Fabrice Hergott, Doris Krystof, Günter Metken",N/A,1956,https://openlibrary.org/works/OL2248600W
Up from Slavery,Booker T. Washington,N/A,1900,https://openlibrary.org/works/OL357501W
Mémoires d'Hadrien,Marguerite Yourcenar,N/A,1951,https://openlibrary.org/works/OL106837W
"Momo oder Die seltsame Geschichte von den Zeit-Dieben und von dem Kind, das den Menschen die gestohlene Zeit zurückbrachte",Michael Ende,N/A,1973,https://openlibrary.org/works/OL2271626W
Management information systems,"Kenneth C. Laudon, Jane P. Laudon, Jane Price Laudon, Jane Laudon",N/A,1945,https://openlibrary.org/works/OL58235W
Anne of Green Gables,Lucy Maud Montgomery,N/A,1908,https://openlibrary.org/works/OL77746W
Beloved,Toni Morrison,N/A,1987,https://openlibrary.org/works/OL50548W
'Salem’s Lot,Stephen King,N/A,1975,https://openlibrary.org/works/OL81632W
Casino Royale,Ian Fleming,N/A,1953,https://openlibrary.org/works/OL85753W
A Connecticut Yankee in King Arthur's Court,Mark Twain,N/A,1889,https://openlibrary.org/works/OL54031W
A Study in Scarlet,Arthur Conan Doyle,N/A,1887,https://openlibrary.org/works/OL262496W
"Villette, a novel",Charlotte Brontë,N/A,1853,https://openlibrary.org/works/OL1095403W
Summa Theologica,"Thomas Aquinas, Kennedy, Daniel Joseph, 1862-1930",N/A,1467,https://openlibrary.org/works/OL15314568W
